Domain name,Domain type,Organization name,Suborganization name,City,State,Security contact email
ndstudio.gov,Federal - Executive,Executive Office of the President,White House Office,Washington,DC,dl.eop.cloudadmin@eop.gov
freedom.gov,Federal - Executive,Executive Office of the President,White House Office,Washington,DC,PITC-Defense@eop.gov
realfood.gov,Federal - Executive,Executive Office of the President,White House Office,Washington,DC,(blank)
passports.gov,Federal - Executive,Executive Office of the President,White House Office,Washington,DC,(blank)
trumprx.gov,Federal - Executive,Executive Office of the President,White House Office,Washington,DC,(blank)
trumpaccounts.gov,Federal - Executive,Department of the Treasury,,Washington,DC,(blank)
login.gov,Federal - Executive,General Services Administration,Federal Acquisition Service,Washington,DC,gsa-vulnerability-reports@gsa.gov
eac.gov,Federal - Executive,Election Assistance Commission,,Washington,DC,security@eac.gov
vote.gov,Federal - Executive,Election Assistance Commission,,Washington,DC,security@eac.gov
